-- Competitions
INSERT INTO halterocms.competition (id, end_date, inscription_end_date, inscription_start_date, location, name, organizer, start_date, `type`)
VALUES (1, '2022-05-10', '2022-05-07', '2022-05-05', 'Pabell칩n Municipal Perico Palotes', 'Campeonato de Espa침a Senior', 'Federaci칩n Espa침ola de Halterofilia', '2022-05-08',
        'Senior');

-- Batches
INSERT INTO halterocms.batch (id, `date`, gender, platform, start_time, weighin_time, competition_id)
VALUES (1, '2022-05-09', 'male', '1A', '10:05:00', '08:30:00', 1);

-- Lifters
INSERT INTO halterocms.lifter (id, birth_year, category, club, name, batch_id)
VALUES (1, '1981', '109', 'URSS', 'Anatoly Pisarenko', 1);
INSERT INTO halterocms.lifter (id, birth_year, category, club, name, batch_id)
VALUES (2, '1986', '109', 'USA', 'John Doe', 1);

-- Weighins
INSERT INTO halterocms.weighin (id, body_weight, clean_and_jerk_opener, snatch_opener, `time`, lifter_id)
VALUES (1, 108.56, NULL, NULL, NULL, 1);
INSERT INTO halterocms.weighin (id, body_weight, clean_and_jerk_opener, snatch_opener, `time`, lifter_id)
VALUES (2, 106.0, NULL, NULL, NULL, 2);

-- Batches-lifters relation
INSERT INTO halterocms.batch_lifter (id, draw_order, batch_id, lifter_id, weighin_id)
VALUES (1, 234, 1, 1, 1);
INSERT INTO halterocms.batch_lifter (id, draw_order, batch_id, lifter_id, weighin_id)
VALUES (2, 1, 1, 2, 2);

-- Lift
INSERT INTO halterocms.lift(id, bar_set_weight, batch_lifter_id, countdown, status, `type`)
VALUES (1, 120, 1, 60, '1', '1');
INSERT INTO halterocms.lift(id, bar_set_weight, batch_lifter_id, countdown, status, `type`)
VALUES (2, 122, 1, 60, '1', '1');
INSERT INTO halterocms.lift(id, bar_set_weight, batch_lifter_id, countdown, status, `type`)
VALUES (3, 124, 1, 60, '1', '1');
INSERT INTO halterocms.lift(id, bar_set_weight, batch_lifter_id, countdown, status, `type`)
VALUES (4, 150, 1, 60, '1', '1');
INSERT INTO halterocms.lift (id, bar_set_weight, batch_lifter_id, countdown, status, `type`)
VALUES (5, 154, 1, 60, '1', '2');
INSERT INTO halterocms.lift (id, bar_set_weight, batch_lifter_id, countdown, status, `type`)
VALUES (6, 160, 1, 60, '1', '2');

-- batch lift
INSERT INTO halterocms.batch_lifter_lifts
(batch_lifter_id, lifts_id)
VALUES(1, 1);
INSERT INTO halterocms.batch_lifter_lifts
(batch_lifter_id, lifts_id)
VALUES(1, 2);
INSERT INTO halterocms.batch_lifter_lifts
(batch_lifter_id, lifts_id)
VALUES(1, 3);
INSERT INTO halterocms.batch_lifter_lifts
(batch_lifter_id, lifts_id)
VALUES(1, 4);
INSERT INTO halterocms.batch_lifter_lifts
(batch_lifter_id, lifts_id)
VALUES(1, 5);
INSERT INTO halterocms.batch_lifter_lifts
(batch_lifter_id, lifts_id)
VALUES(1, 6);
